Feature1,Feature2,DBSCAN_Cluster,DBSCAN_Manual_Cluster
0.09934283060224654,-0.027652860234236933,0,1.0
0.1295377076201385,0.3046059712816051,0,1.0
-0.046830674944667194,-0.04682739138983611,0,1.0
0.3158425631014783,0.15348694583058176,0,1.0
-0.09389487718699042,0.10851200871719294,0,1.0
-0.09268353856249245,-0.09314595071405138,0,1.0
0.04839245431320682,-0.3826560489315596,0,1.0
-0.3449835665026066,-0.11245750584819454,0,1.0
-0.20256622406688476,0.06284946651905478,0,1.0
-0.1816048151042422,-0.2824607402670583,0,1.0
0.29312975378431083,-0.04515526009730714,0,1.0
0.013505640937584768,-0.28494963724269134,0,1.0
-0.10887654490503654,0.02218451794197322,0,1.0
-0.23019871548446058,0.0751396036691344,0,1.0
-0.120127737983761,-0.05833874995865536,0,1.0
-0.12034132244587939,0.37045563690178757,0,1.0
-0.0026994449475867843,-0.2115421857911801,0,1.0
0.16450898242063783,-0.24416872999420447,0,1.0
0.041772719000951086,-0.3919340247759551,0,1.0
-0.26563720977968613,0.039372247173824704,0,1.0
0.1476933159990821,0.0342736562379941,0,1.0
-0.023129656477648107,-0.06022073911785776,0,1.0
-0.2957043980734855,-0.14396884167894172,0,1.0
-0.09212775419195751,0.21142444524378315,0,1.0
0.06872365791369228,-0.3526080310725468,0,1.0
0.064816793878959,-0.07701645608326331,0,1.0
-0.13538440006119176,0.12233525776817358,0,1.0
0.2061999044991902,0.18625602382323972,0,1.0
-0.1678435046445277,-0.06184247517024292,0,1.0
0.06625268628071279,0.19510902542447184,0,1.0
-0.095834847569058,-0.03713179533276342,0,1.0
-0.22126699480120565,-0.23924132481613417,0,1.0
0.16250516447883961,0.2712480057141646,0,1.0
-0.01440202431606677,0.20070657957840485,0,1.0
0.07232720500952683,-0.12902395092102487,0,1.0
0.07227912110168279,0.30760731329319385,0,1.0
-0.007165207821990308,0.3129287311628013,0,1.0
-0.5239490208179489,0.16438050087504477,0,1.0
0.017409413647634247,-0.05980147009317349,0,1.0
0.01835215530710046,-0.3975137829201786,0,1.0
-0.04393437756750239,0.07142251430234929,0,1.0
0.29557880894830324,-0.10365404365472948,0,1.0
-0.16169872057863754,-0.10035140871690731,0,1.0
0.18308042354041484,0.0657502219319369,0,1.0
-0.10595204075340776,0.10265348662267122,0,1.0
0.019415509869608077,0.19372899810657784,0,1.0
-0.14041061877547048,-0.06553242931955365,0,1.0
-0.07842163062643154,-0.2927029896264237,0,1.0
0.059224055412915214,0.05221105443597787,0,1.0
0.001022691328492178,-0.046917426675029385,0,1.0
-0.2830741484100829,-0.08412906455307181,0,1.0
-0.0685429033053539,-0.1604554538443238,0,1.0
-0.03225714233320183,0.08081017136290769,0,1.0
0.37723718024210606,0.03491556256636779,0,1.0
0.05151007814455288,-0.014889183153233444,0,1.0
-0.3837542430598083,-0.005302775089843376,0,1.0
0.012046041988205289,0.49264842249705726,0,1.0
-0.038472192956224505,0.0603094684667225,0,1.0
-0.006942353941048663,-0.23373560752390643,0,1.0
0.22856456290300411,0.15038660653735483,0,1.0
0.1582063894086094,-0.18187749095894779,0,1.0
0.28055886218721987,-0.2803702125584562,0,1.0
0.11737141876005407,0.4380911251619957,0,1.0
-0.19810726502613768,-0.11325954592055439,0,1.0
0.019930273017528245,-0.10069513082323985,0,1.0
-0.31013268621322654,0.013712594961205466,0,1.0
-0.21246074274522098,0.09471848612703632,0,1.0
-0.18388484684676065,0.3099868810035079,0,1.0
-0.15665065846724743,-0.06441230324113512,0,1.0
0.16270344347393395,-0.24617286328679105,0,1.0
0.045491986920825886,0.26142855085648564,0,1.0
-0.32149664691224555,0.036926771706460845,0,1.0
0.05197655884968471,0.15636457435546208,0,1.0
-0.2473901421756164,-0.26409132261685525,0,1.0
0.10438831312337954,0.059396934646637214,0,1.0
0.05009857006917531,0.06928964189939514,0,1.0
-0.13600494431569818,0.04645073943220071,0,1.0
0.058614494659736255,-0.14287028360527357,0,1.0
0.3731549022289513,0.0947665841823575,0,1.0
-0.23826069944052974,0.13131072172676594,0,1.0
-0.1949363340454643,0.15741692074849042,0,1.0
0.23171911580148083,-0.1641364636703421,0,1.0
0.19267522584886437,0.08255618538729967,0,1.0
0.164412031998898,0.3793585965307895,0,1.0
-0.0490776232005741,-0.15074723287149794,0,1.0
-0.17790288592510467,-0.16316205699308767,0,1.0
-0.015420341882820841,0.06823039496332878,0,1.0
0.055338159866003815,0.16543664980720477,0,1.0
0.002600378375581404,0.2907068154314634,0,1.0
-0.05293136664759122,0.5440338333179238,0,1.0
0.12513346955300125,-0.1714315112832565,0,1.0
-0.21417849961222246,0.09649448304863706,0,1.0
-0.04469255706517018,0.1428000988184184,0,1.0
0.09464752491470897,-0.014565782531374555,0,1.0
-0.169358743613681,-0.3029694449371729,0,1.0
-0.08930299041340423,0.1712797588646945,0,1.0
0.042818748826040795,-0.24914775574239761,0,1.0
0.0346361851702364,0.07706347594576736,0,1.0
-0.17677148724022662,0.030745021189105583,0,1.0
0.01164174368919998,-0.22859405956612464,0,1.0
3.107336208104485,3.1682353579104703,1,2.0
3.3249153729525833,3.316140615610471,1,2.0
2.586699189612873,2.718652488025463,1,2.0
3.154510580162598,3.1541357852736627,1,2.0
3.1545143058918144,4.155819447196416,1,2.0
3.17126715320795,3.34066969205418,1,2.0
3.2862005290479606,3.1954173753917394,1,2.0
2.905419226607896,3.22769076614798,1,2.0
2.7681524356387284,2.928954417977997,1,2.0
2.854390935651269,3.0245622418158966,1,2.0
3.6943975700020526,2.4398204422224756,1,2.0
3.205878057112354,2.5161852386431045,1,2.0
2.85842044026317,3.3266851790902097,1,2.0
3.0192840057286388,2.6766765666212082,1,2.0
2.7854088872220095,3.2038793246804027,1,2.0
2.780890010484859,3.0649375768745926,1,2.0
3.0136715519711443,2.804519895718255,1,2.0
3.6431832267975977,3.1901757066954035,1,2.0
2.392457224002718,3.055936294430828,1,2.0
2.801464060569484,3.2557300004388674,1,2.0
2.76224377847019,2.9655790675599305,1,2.0
3.151496183694137,3.259726558251036,1,2.0
2.639911077883267,2.8996496292477154,1,2.0
2.857516406651713,2.8040012302278865,1,2.0
3.5296362720843293,3.1214945132882868,1,2.0
2.6217348136994865,3.2753585841164328,1,2.0
3.6366468591037897,3.309739578165344,1,2.0
2.544189010213796,2.8547297781401246,1,2.0
3.3800733447559868,2.7876991603143657,1,2.0
3.1331458284438685,3.232390216028801,1,2.0
2.721920858526575,2.98214239318146,1,2.0
2.0276197979792783,2.692683707599713,1,2.0
2.924229554582052,2.6256650454105452,1,2.0
3.4897233911794907,2.57095758661181,1,2.0
2.8679866539909047,3.0392221731858275,1,2.0
3.4323819867198346,2.5692413546461683,1,2.0
3.348949125646488,3.003069918305876,1,2.0
2.705547404685615,3.1386310422789814,1,2.0
3.059717908672041,2.8199349368523614,1,2.0
3.0209406254970057,2.884405920941472,1,2.0
3.0340552035753743,3.198639202356314,1,2.0
3.4758050448436055,2.6286553503519454,1,2.0
3.63991001239688,2.4143736601432497,1,2.0
2.954464471489325,3.1764951619453727,1,2.0
3.08429756032051,2.813190144053822,1,2.0
2.9375633248928175,2.85209971960235,1,2.0
2.8231905729167366,3.2548806291063075,1,2.0
3.1071046457895144,2.792127121421804,1,2.0
3.2698799626299753,3.0921898562629826,1,2.0
3.243858635651688,3.188888652577084,1,2.0
2.751301496723378,2.8319456879409093,1,2.0
3.2241880815369783,3.1831110796300393,1,2.0
2.9937295218107556,3.0351982149926346,1,2.0
3.3832994687365274,2.822528583349251,1,2.0
3.1641292143510116,2.9393422042698316,1,2.0
2.9346956390318337,3.329633055596157,1,2.0
3.247624904696409,3.2440528908001918,1,2.0
3.3916436421462985,3.0063011524898275,1,2.0
3.204585891388489,2.9069199730219633,1,2.0
3.0972499057465326,2.960957083689695,1,2.0
3.0290987894978154,3.1785471076310743,1,2.0
2.754533795029958,3.627716182705638,1,2.0
2.6981947855500894,2.63574341616368,1,2.0
3.3474332620500205,3.2374988081888807,1,2.0
3.1872359451156465,3.188503652779284,1,2.0
2.9963259681459258,2.7308236885542505,1,2.0
3.022741367458118,2.7968514865463665,1,2.0
3.2925359200253252,2.9558827855493583,1,2.0
2.7523508409622464,2.903584247504102,1,2.0
3.1238794362826874,2.8308826341588076,1,2.0
2.7533338813300707,3.073106163447574,1,2.0
3.073489971332617,2.8479170473886612,1,2.0
2.8586885083145033,3.069614981207291,1,2.0
2.5655746975508027,2.5777608676870334,1,2.0
2.784466733624269,2.935965854486446,1,2.0
3.0932722696794013,3.4426068650848656,1,2.0
3.2572978869606057,2.952018441010972,1,2.0
2.9942951376291935,2.6992411906086575,1,2.0
2.994446059202283,2.9134024083239587,1,2.0
3.0968155681014267,2.751830716934303,1,2.0
3.1558039542723515,3.459821673900773,1,2.0
2.9673719554629425,3.1205135166296825,1,2.0
3.2070431975133338,2.879633858434249,1,2.0
3.067227744543125,3.0037777202345386,1,2.0
3.0293028295646494,2.76809706484336,1,2.0
3.007353052277683,3.149399487373635,1,2.0
3.4353430823385125,3.287781247825562,1,2.0
3.645954737253467,2.769795731133585,1,2.0
3.2616961910162034,3.0550026017215055,1,2.0
3.6569408799653016,2.7575105143934544,1,2.0
2.7480834473457674,2.8201822063667934,1,2.0
2.362831282707058,2.842273493495772,1,2.0
2.7722602015338906,3.0451181359428623,1,2.0
3.1025267927331477,3.5628512517647657,1,2.0
3.285127151455815,2.826928903301279,1,2.0
2.7304755985954925,3.1475757514519516,1,2.0
2.6039300378938073,3.549437629756306,1,2.0
3.353832036216386,2.8592473043685884,1,2.0
2.4860596412727367,3.4061617122496237,1,2.0
2.9656380464242145,3.3713448935920387,1,2.0
2.52167170236169,2.820187493113868,1,2.0
3.001573109915455,3.014094178129423,1,2.0
2.864980358556227,3.1868549797042496,1,2.0
2.6797138711852218,2.957286154493612,1,2.0
3.0360886895135697,3.1543316502176246,1,2.0
3.213484463426667,2.6626073724486394,1,2.0
2.5397657487793133,3.383303046569553,1,2.0
3.0996942035938777,2.775454039033034,1,2.0
3.4653455926567567,3.0347023902878574,1,2.0
3.353789155219148,3.0202555444230326,1,2.0
3.618224377464596,3.5266022527329612,1,2.0
2.925310755456278,3.2914712852863066,1,2.0
3.1936127848755445,3.4105894672597046,1,2.0
2.7105229618259687,3.2058154379995316,1,2.0
3.3175273460548764,2.472378154073066,1,2.0
2.6450224462002674,2.38823034667197,1,2.0
2.919177949666633,3.2152626767387886,1,2.0
3.4507071156288083,3.0222284341259327,1,2.0
3.4885846636713875,2.585969562535533,1,2.0
2.4889852681934537,2.9833356903310144,1,2.0
-2.9039836377651733,1.9918263129764768,2,3.0
-3.516860525009969,1.977719990121803,2,3.0
-3.326117375126213,2.1674181372075094,2,3.0
-2.908350438475788,1.765030053418161,2,3.0
-3.1284667293341735,1.7351966195277622,2,3.0
-3.015669774318293,2.2387855801253096,2,3.0
-3.2464315115838858,2.126011628879461,2,3.0
-3.13256440459311,1.801781791934414,2,3.0
-3.0267575899886396,1.7411894193951565,2,3.0
-3.1384123263367956,1.700530526852788,2,3.0
-2.508818716770903,2.0088158879929323,2,3.0
-3.1749313769981464,2.0534949776835556,2,3.0
-3.0280820124227072,1.9447576001166942,2,3.0
-2.8464583249891438,2.189376927511826,2,3.0
-3.132625286902632,1.85604543983883,2,3.0
-3.068762924287911,1.4245197088161037,2,3.0
-3.378797765549638,2.341718566861131,2,3.0
-2.588758071624679,1.9377409901109055,2,3.0
-2.8558607592360583,2.077812538635884,2,3.0
-2.2302797978861904,2.279893727858644,2,3.0
-3.0319793978701917,1.7611148898498936,2,3.0
-3.401611580064393,2.0508659089668058,2,3.0
-3.1890876863210758,1.6444365726005814,2,3.0
-3.161643221060632,1.7296129990964013,2,3.0
-2.578214591231859,2.2204099392373626,2,3.0
-3.0019931603291545,2.3699860347225066,2,3.0
-2.9806579230880956,1.784678949667934,2,3.0
-2.619218980682586,2.1347275109211648,2,3.0
-3.2593115385816143,1.9524153304790979,2,3.0
-3.2189045633461895,1.6543000672589159,2,3.0
-2.76845561311709,2.4773541601175326,2,3.0
-3.3496418934547854,2.1407423091726425,2,3.0
-3.1626606422804566,1.878218654058826,2,3.0
-3.1480984810597175,1.784002307580046,2,3.0
-2.987869593013793,1.7922624708972406,2,3.0
-2.9323857935550404,1.9874404726377157,2,3.0
-3.0597370117166025,1.7731090844896005,2,3.0
-3.144192832642083,2.188847806456439,2,3.0
-2.8747707030939047,1.7556111888003623,2,3.0
-2.9751669236426936,2.187846780842947,2,3.0
-3.4173513202803427,2.135840048094984,2,3.0
-3.1656559397364616,2.14264966714829,2,3.0
-3.1908147891356293,1.5487794748338701,2,3.0
-3.4068856094707907,2.0120212366653454,2,3.0
-2.9350693745696295,1.7739208437238978,2,3.0
-2.8403518853056564,1.58461998443276,2,3.0
-3.0165199496618293,1.697245950059386,2,3.0
-3.16295902695054,2.0118496678291033,2,3.0
-3.215103341320988,1.9038611139425436,2,3.0
-2.74842679769639,1.855777032619213,2,3.0
-2.7910769719837147,1.7175732863355955,2,3.0
-2.8675489555211793,2.360392155164475,2,3.0
-3.6179111250318226,1.8007761861323808,2,3.0
-2.855731968204865,1.9492386534892518,2,3.0
-2.907213531657173,1.849003703321045,2,3.0
-2.978352553131775,1.96108069115198,2,3.0
-2.7080544845850483,2.0636052108253033,2,3.0
-2.9155993344811995,1.897030758469383,2,3.0
-3.1219015560181234,1.8918604530450949,2,3.0
-2.9013869644054258,1.8947538797949344,2,3.0
-2.9275562857758968,2.51885019966136,2,3.0
-2.782218824142077,1.9184941169580396,2,3.0
-2.699696519459014,1.897981156744612,2,3.0
-3.5095311337944635,1.747978422270649,2,3.0
-3.467697980256464,1.9121216289896728,2,3.0
-2.995395405202612,2.4191093280688207,2,3.0
-2.9182681565589594,1.945224867797784,2,3.0
-2.792648604704128,1.4472161727480288,2,3.0
-2.9410963604728586,2.192716298471742,2,3.0
-3.36964656144496,2.2859385108017323,2,3.0
-2.9153758981263964,1.8961780215247996,2,3.0
-2.8418045334734288,2.5676732144510988,2,3.0
-2.9545334362353763,2.062055146575084,2,3.0
-3.114840224885061,1.787538907633802,2,3.0
-2.7924160458639387,1.7859790435227831,2,3.0
-2.9821084406951517,1.880585638308721,2,3.0
-2.8802550435634022,2.083415526321737,2,3.0
-2.740615013935525,1.8724959002863133,2,3.0
-3.067468733823343,1.7553090710544232,2,3.0
-3.111073315019028,2.0943251232612132,2,3.0
-2.810752845838662,1.7694586689555936,2,3.0
-2.7825985199735848,2.3389094647012376,2,3.0
-2.896641274194075,2.4691989531395167,2,3.0
-3.1934472997758934,1.6888363241721458,2,3.0
-3.4446800622260696,2.3740110778722956,2,3.0
-2.8364085859114856,1.9861038322723863,2,3.0
-2.9300078434200447,1.7186277381754058,2,3.0
-2.3885620050957934,2.032305295493807,2,3.0
-2.972651301348777,2.181441655974673,2,3.0
-2.8797476920658216,2.055971006069783,2,3.0
1.6838102178218752,-2.8114126571456017,3,4.0
2.7528097985900137,-2.4618319815380088,3,4.0
2.6372746506557587,-3.204486270572474,3,4.0
1.6041580718965676,-3.0503147680398595,3,4.0
2.022289964915478,-2.5623233926116207,3,4.0
1.3230141481140723,-2.3881798722157543,3,4.0
1.9367968405684042,-3.170752427978968,3,4.0
1.595158249895933,-3.661942668746308,3,4.0
2.3292682335847656,-2.9706728131246383,3,4.0
1.4840156401035784,-3.5180315088254464,3,4.0
1.8656861202839488,-2.3323913898842425,3,4.0
1.896163459454558,-3.6012571812472425,3,4.0
1.9017027743656223,-3.109089427899068,3,4.0
0.9212453428233713,-3.021717946607125,3,4.0
1.9076261879165288,-2.7215174540746325,3,4.0
2.739582437978138,-2.549373988180897,3,4.0
1.8924445237780678,-3.442610363496668,3,4.0
3.0293439212999442,-2.9763126263942046,3,4.0
2.0055717167651785,-3.009650034844001,3,4.0
2.079233904307142,-3.057744164769577,3,4.0
1.7705351972479055,-3.218743576496157,3,4.0
1.9868986919136007,-3.217369908453506,3,4.0
1.7148616869291342,-2.957427908923241,3,4.0
1.8980091130316579,-2.3984028045669246,3,4.0
0.9396120766427951,-2.5633972592310155,3,4.0
2.4984340769990516,-3.82935609296326,3,4.0
1.8629249623678605,-3.1485763463983165,3,4.0
1.4369953221128715,-3.31112667503635,3,4.0
1.5557696618136685,-2.299091822630551,3,4.0
2.3742713572589844,-2.4913779620023364,3,4.0
2.288668825617294,-3.4516207084868915,3,4.0
1.7901918934880905,-2.804250175508833,3,4.0
1.511148876443222,-2.714800627931045,3,4.0
1.903869840736746,-3.149928323019839,3,4.0
2.2843839872813967,-2.822294675405584,3,4.0
1.855613533672368,-2.5362680786543006,3,4.0
1.5675746689600412,-2.7536257572222946,3,4.0
2.2372405031873535,-3.123818575725596,3,4.0
2.130453208896847,-3.5004454305541213,3,4.0
2.3696108076827604,-3.0739608545771957,3,4.0
1.790910791792384,-2.580396309665244,3,4.0
1.7182625237828963,-3.563384518545424,3,4.0
1.3773483305904386,-2.757596019461744,3,4.0
1.4878282590014869,-2.298082327206254,3,4.0
1.167228236846511,-2.321417452683985,3,4.0
2.0844069868810475,-3.038685244748157,3,4.0
1.78203236527642,-2.8403455542591716,3,4.0
1.9849461190300606,-2.5586792471933912,3,4.0
2.045691059464816,-2.939879295415249,3,4.0
1.8545551151144577,-3.022778249488427,3,4.0
2.1231207075568235,-3.6840673570626503,3,4.0
1.4607258311577147,-2.702694362390914,3,4.0
2.0683461752511767,-3.0735933345410715,3,4.0
2.007373573226157,-2.8609673178553314,3,4.0
1.7840961278762553,-3.311321890160925,3,4.0
2.0783381020390728,-3.3913491110460128,3,4.0
2.163301102285789,-3.6810334416951362,3,4.0
2.4116622549302575,-2.810961007034783,3,4.0
2.1024118937255505,-2.6069236064217947,3,4.0
2.6661897777850307,-2.5942519739927477,3,4.0
1.263650307467342,-3.5118307866942806,3,4.0
1.7500725689217285,-2.9895635799156666,3,4.0
2.2070636081876494,-3.290297525261386,3,4.0
2.0747067057908315,-3.302153172941329,3,4.0
1.7553928788032207,-3.562664438739289,3,4.0
1.6307067015556382,-3.5406738422465334,3,4.0
1.6096506988090669,-2.5785432813568643,3,4.0
1.6202404444672227,-1.9470471740650437,3,4.0
2.197327160352356,-2.9260655505220505,3,4.0
1.6566568879275145,-2.7198760482364035,3,4.0
1.7697448695048905,-2.9511960741418553,3,4.0
3.0240338153075177,-3.03842395988986,3,4.0
2.4597093305142703,-3.281270570050355,3,4.0
1.9860046038012154,-2.291679745745796,3,4.0
1.749213176884893,-2.2750205768012286,3,4.0
2.28310077418219,-3.2249867103577072,3,4.0
2.252963095622208,-2.610978220149308,3,4.0
2.2487239848868787,-3.6280898879561825,3,4.0
1.7091451296700526,-3.099007454220602,3,4.0
1.9702266283599814,-2.7517311609797286,3,4.0
2.0710804003733014,-3.5341377434840404,3,4.0
2.1520791404023853,-2.755765701886471,3,4.0
2.223916179172416,-2.567687709778151,3,4.0
2.3335688618195616,-2.8163279683086255,3,4.0
1.9719337154165413,-3.6643843734063966,3,4.0
2.1718472876530344,-2.9169249251347553,3,4.0
2.1086315348781492,-3.510699430328124,3,4.0
1.567577383836695,-2.5787388586668385,3,4.0
1.984177938457338,-2.72739972105095,3,4.0
2.0113273504521842,-2.9880975442017017,3,4.0
2.375313522390399,-3.2064178912869497,3,4.0
2.0384483107763933,-3.184910115482017,3,4.0
1.8262015090270738,-3.123668849387456,3,4.0
2.088853508653485,-3.191499448665391,3,4.0
2.5023024502294082,-3.3578429208878013,3,4.0
1.9252513423354565,-3.17589242330967,3,4.0
2.578791153741493,-2.92137808939537,3,4.0
2.412737815787454,-3.5942241492147886,3,4.0
2.1068201063477034,-2.644147681750625,3,4.0
2.03291359571017,-2.5738078499738597,3,4.0
1.7930846199598511,-2.436261023925768,3,4.0
2.9195592494477003,-3.1451354241758636,3,4.0
1.8217989914396913,-2.4186462091529197,3,4.0
2.631828858292285,-3.209144010861307,3,4.0
1.831925273161657,-3.1127138435442028,3,4.0
1.462219795586289,-3.367460778593679,3,4.0
1.5983436932991728,-3.3071190260416516,3,4.0
1.9861260450452876,-2.9063141069853917,3,4.0
2.620200197125631,-3.3993416162955166,3,4.0
2.3937289593906335,-3.0855955376902036,3,4.0
-2.0098927419304866,-1.8650361015666792,4,5.0
-2.22454440431246,-1.92351805076319,4,5.0
-1.9667095583573888,-1.9015097471983702,4,5.0
-1.9421662712184364,-1.5089399720178212,4,5.0
-2.127547996850263,-2.1061993910003634,4,5.0
-2.1246281052849527,-2.111095423832051,4,5.0
-2.1274774254613034,-1.7621966937784896,4,5.0
-1.715899150402029,-2.114149258749895,4,5.0
-2.1664711146208457,-1.9057168887227192,4,5.0
-2.110444608856194,-1.8734136364488978,4,5.0
-1.95941539582974,-2.3031488229994466,4,5.0
-1.6904989597339877,-1.6408244653808957,4,5.0
-2.1225577380968774,-2.077540311987197,4,5.0
-1.942826921855019,-1.933108642002595,4,5.0
-1.8682911454654338,-1.5979590922467302,4,5.0
-2.0353894454988097,-2.1596594489076906,4,5.0
-2.2758638456029052,-2.146186007988384,4,5.0
-2.0066253945747596,-1.6410884272964426,4,5.0
-2.1035222598072343,-1.9552424096722203,4,5.0
-2.0032845792145504,-1.7623213453103832,4,5.0
-1.4946135148252755,-2.106173754584064,4,5.0
-2.0978878885036445,-1.7911678245861855,4,5.0
-1.8636217020747377,-1.6306585348527933,4,5.0
-1.8832143629348073,-2.071858418157412,4,5.0
-1.881869033861538,-1.7782592838834184,4,5.0
-1.8359035637605272,-1.8985451937785405,4,5.0
-1.7866650620821691,-1.7661408819108655,4,5.0
-1.7235682017924945,-1.8702580224820715,4,5.0
-2.033423616063371,-1.9706572627133354,4,5.0
-1.7586982066983285,-2.163387134197447,4,5.0
-1.9262653382254198,-2.0786677624654724,4,5.0
-1.9942510354130365,-1.7443096274785401,4,5.0
-1.9617801863960194,-1.9907126903687702,4,5.0
-2.2719712281959836,-1.8507492867945559,4,5.0
-1.870903163771785,-1.567349055338908,4,5.0
-2.0615556469906,-1.956169934467212,4,5.0
-1.950123263257849,-1.6845093440473051,4,5.0
-2.0190591064773904,-1.9441956948459322,4,5.0
-1.8784206980566922,-1.9626781753687284,4,5.0
-2.0892867229101055,-1.9611820014203385,4,5.0
-1.7852736500280455,-2.205303059882212,4,5.0
-1.973406065170625,-2.1400241629878347,4,5.0
-1.7609906742150314,-2.304637380956755,4,5.0
-2.1117843694543175,-1.924557624987096,4,5.0
-1.6868951941531318,-2.0131500522145975,4,5.0
-2.1110399053386395,-1.623768586111882,4,5.0
-2.289602780083249,-2.4397611913240165,4,5.0
-1.9119971099893336,-2.100410844870522,4,5.0
-2.2042465634261426,-1.8583287105401294,4,5.0
-1.9512398572457603,-2.1128157261473457,4,5.0
-2.256060879734179,-1.825508534343971,4,5.0
-1.8699597644082677,-2.0198351727558768,4,5.0
-1.6306726007904668,-2.2140169532652303,4,5.0
-2.305105034184948,-2.138381613976249,4,5.0
-2.0091172032710998,-1.9513321101354617,4,5.0
-2.0482472115712658,-1.9295889206971406,4,5.0
-2.250307884838089,-1.711247079185348,4,5.0
-2.0164302356785138,-1.7765408336823745,4,5.0
-1.9314549307244593,-1.9086493561692432,4,5.0
-1.8860465439535592,-1.910458287996537,4,5.0
-1.871455448026491,-1.7341694939735137,4,5.0
-1.960695766059706,-1.8581992484822976,4,5.0
-2.0179471388574455,-1.7119765569101055,4,5.0
-2.135278460411854,-1.6398119134178368,4,5.0
-2.008031590128869,-2.2861550204236094,4,5.0
-1.9743791170178422,-2.136210331494976,4,5.0
-1.8318712902022551,-2.1305247958604783,4,5.0
-2.089236686642956,-2.3779081461891063,4,5.0
-2.0904612638498152,-2.4847758653257914,4,5.0
-2.3167805646971447,-1.8479170687711406,4,5.0
-1.8428399682698335,-1.9149084876430071,4,5.0
-2.1933952286258425,-2.009542271228396,4,5.0
-2.0007205078181136,-2.2316729378385087,4,5.0
-1.69932033964657,-1.8245275418848657,4,5.0
-2.0441928347659326,-1.994622832201094,4,5.0
-1.9583234384104895,-2.408346973684858,4,5.0
-2.0494354765041196,-2.1363968495995596,4,5.0
-2.200324001978983,-2.056220058577191,4,5.0
-1.6404626946300955,-1.871831427746598,4,5.0
-2.1142357979565594,-1.8854834437287682,4,5.0
-1.7201289126827994,-1.8150732634174462,4,5.0
-1.9880739260159652,-2.1293873555411147,4,5.0
-1.860355337277282,-1.92130292291565,4,5.0
-1.8209613559944535,-1.872965639663606,4,5.0
-1.790089456936133,-2.1070470423121135,4,5.0
-1.736521186873135,-1.96048007906152,4,5.0
-1.584947825474947,-2.1378375636179134,4,5.0
-1.6528072393669502,-1.9604178433074704,4,5.0
-2.1302836007228896,-2.096777166810864,4,5.0
-2.064069461638864,-1.9151668107196167,4,5.0
-1.8954329023929,-2.114740000787716,4,5.0
-2.0048709184521964,-1.5715459282776272,4,5.0
-1.6544913659798577,-1.9127352660651935,4,5.0
-1.99239930436636,-1.9759937346563476,4,5.0
-1.8772964054539167,-2.204558513039681,4,5.0
4.90991821190183,-0.5840044258571563,5,6.0
5.139728092911848,0.22651857889595933,5,6.0
4.830884738195219,0.5508953671515114,5,6.0
4.570982017949181,-0.512531208073437,5,6.0
5.078558136495991,0.3664844059142541,5,6.0
5.589374692010254,-0.160609492004129,5,6.0
5.3775382917009535,-0.013477964325247522,5,6.0
4.939580445020713,0.30928097812033534,5,6.0
5.228313007444697,-0.5517372549444872,5,6.0
5.516789122404063,0.483031973951608,5,6.0
4.7810530544716645,0.13853123670309314,5,6.0
5.172910565198959,0.09123581803836749,5,6.0
4.807393196154103,-0.23506817877831804,5,6.0
4.991056075152994,0.4104551567407776,5,6.0
5.190260054108052,-0.12971501623013706,5,6.0
5.27009454872692,-0.9969899172205263,5,6.0
5.402067995130237,-0.6088998225723349,5,6.0
4.873145670508904,-0.3918844631191503,5,6.0
4.546861483497683,0.4062893755824818,5,6.0
4.836304579540838,0.12127635860575052,5,6.0
4.983577797392286,0.1669642895280925,5,6.0
5.02688766187109,-0.44904727846599934,5,6.0
5.348693386806499,-0.17281480410645936,5,6.0
4.455196335469087,-0.14984030633806936,5,6.0
5.525265926722009,0.29757760973972247,5,6.0
4.877971752957249,-0.12224019651145007,5,6.0
4.887427732073916,0.7268617942462943,5,6.0
5.133677408281043,0.15051457651687436,5,6.0
5.360599208911145,0.08357620565927973,5,6.0
4.909335248962754,-0.0687224471797424,5,6.0
4.974939559205078,-0.013027782778444557,5,6.0
5.254670340272943,0.0181810600325548,5,6.0
5.256424027025453,-0.02825080303800381,5,6.0
5.027522316610631,-0.6993702395862377,5,6.0
5.320714686145869,0.12127096656429744,5,6.0
5.3493035384508785,-1.0136893823677913,5,6.0
5.730931146673255,-0.04885636985431081,5,6.0
5.3878639858581305,-0.3639670744939358,5,6.0
5.214470866771899,-0.3686954471107796,5,6.0
4.781680863756468,0.6699109738533751,5,6.0
4.933261159732829,0.076101505612903,5,6.0
5.304523705741064,0.17348866079041161,5,6.0
5.052646616800252,0.1277363508631789,5,6.0
5.841195454833397,-0.020166578961754885,5,6.0
5.070384666350239,0.3677290386026642,5,6.0
5.386934076535295,0.415460606946133,5,6.0
5.223555577710215,-0.4000517194556692,5,6.0
5.571701036305384,-0.4012208875565408,5,6.0
5.105922412833662,-0.26399654750677526,5,6.0
4.977551578692452,0.11506684360621813,5,6.0
5.112475025407596,0.14767226398234964,5,6.0
5.564798944170526,0.15873700552989292,5,6.0
4.914545177648273,0.337430508900925,5,6.0
5.416314671123624,-0.42966273529794735,5,6.0
5.20909002444745,0.2454104598088144,5,6.0
4.895852773824003,0.4814973846590668,5,6.0
4.947480544538616,0.043951758715039785,5,6.0
4.939424861500646,0.0054526666535136365,5,6.0
4.616303719586679,-0.504017808908003,5,6.0
5.55807677212874,-0.2964364719114147,5,6.0
4.653012677690293,-0.7536865397613002,5,6.0
4.776363388308674,-0.4630814276926244,5,6.0
5.574705306047729,0.35343598126992193,5,6.0
4.759147379187796,0.788352531870508,5,6.0
5.343617920447058,-0.11369098422801785,5,6.0
4.12520799979425,0.8018299004067596,5,6.0
4.513649636632741,-0.5758895614349121,5,6.0
5.357899651203374,0.8539133422187455,5,6.0
5.484495486478681,0.19736819201832584,5,6.0
5.20816401958285,0.2986954455731077,5,6.0
5.265625006425368,0.09841699838928153,5,6.0
5.036470386383157,-0.021907594764832842,5,6.0
4.736112393896663,-0.09823627690337092,5,6.0
4.407465115031615,-0.03441886937816246,5,6.0
4.6539931124971785,-0.3862562610255198,5,6.0
5.0629629529037175,0.48720080022060974,5,6.0
5.32141081210081,-0.5496752112681119,5,6.0
4.653630152200382,0.32926991579587556,5,6.0
4.656129412261592,-0.07862160249895861,5,6.0
5.192518234658593,-0.3389205592022723,5,6.0
5.036881427151086,-0.4669089232213715,5,6.0
4.789521324617075,0.11192367694988793,5,6.0
4.442452193263916,0.15416615828613964,5,6.0
4.993126770375661,0.1933714840460017,5,6.0
5.078369946922631,0.47744915049084546,5,6.0
5.043828575926767,-0.15029193939383853,5,6.0
5.0428041260612995,0.19015431016273576,5,6.0
5.017101024613996,0.014207091921358833,5,6.0
4.754302909267635,-0.23201532114283183,5,6.0
4.509088154870107,0.6123518601154287,5,6.0
4.564647867613051,-0.24251681922856755,5,6.0
4.748557457050781,0.3132235319305544,5,6.0
4.89676761259779,0.43670972543580683,5,6.0
4.764278281514646,0.09764795677833069,5,6.0
4.707628531359085,0.7508021947206859,5,6.0
4.58434055333967,0.10843724857945962,5,6.0
5.221821908326234,0.14482968410802438,5,6.0
4.935149319392802,-0.045437244906699155,5,6.0
5.015334015192688,-0.05145070056997101,5,6.0
5.3373576908782185,0.773683050556973,5,6.0
4.804877875247258,-0.4794310428526772,5,6.0
4.969101283077061,0.9028982681790114,5,6.0
4.718713901210594,0.5736908819054236,5,6.0
5.5871952849267545,-0.1937558845977981,5,6.0
5.1991440777148465,0.5699388180949883,5,6.0
4.86730529065438,-0.07125312603582662,5,6.0
4.796411680117974,-0.3551648557425034,5,6.0
4.772752859226897,-0.42837909336678975,5,6.0
5.011929213890729,-0.2694906308705246,5,6.0
5.0818250691267615,-0.5445634761712695,5,6.0
5.11580808127506,0.2917351365631236,5,6.0
4.302192525099991,0.13091979944665025,5,6.0
5.429684147365652,-0.4233743565419219,5,6.0
5.585400335393196,0.1466566532781158,5,6.0
4.753245850484557,-0.019519177180197102,5,6.0
5.195414419382603,0.026601886994344022,5,6.0
5.188564597356229,-0.32223575757777817,5,6.0
5.059276288412628,-0.494800073916743,5,6.0
4.961070878527955,-0.3163676745126764,5,6.0
4.742564520093581,0.43263261132365305,5,6.0
5.381958542207994,0.21319834231751195,5,6.0
4.617690532364597,-0.11074295739318066,5,6.0
5.424584194992714,0.049600919773966655,5,6.0
5.811765338993593,0.13766124378803016,5,6.0
5.067217190771511,-0.10819076247087547,5,6.0
5.046739316673799,-0.05336444273319036,5,6.0
5.2478380368410065,0.3348458108781044,5,6.0
4.724903688822217,-0.4659315337452223,5,6.0
4.357328119413847,0.17779696441939027,5,6.0
4.6138216878391445,-0.7535117075333689,5,6.0
-4.883426418640711,0.7478998552298372,6,7.0
-5.001821273461968,0.25154723233549253,6,7.0
-4.97545119243573,-0.029666895957342797,6,7.0
-4.72427705510367,-0.0870823632565954,6,7.0
-4.919782305778429,0.09650934185880408,6,7.0
-5.200427136092914,0.2976127048609568,6,7.0
-5.052487927008623,-0.2267235478478534,6,7.0
-4.839047046928879,-0.26954039453731116,6,7.0
-4.991545652789261,-0.002735698993261063,6,7.0
-4.674231330250526,0.14240946986398584,6,7.0
-5.007508087623544,0.24532988976008613,6,7.0
-4.582937735294806,0.16734309190555866,6,7.0
-4.996894214046986,-0.3935508697050479,6,7.0
-5.319534098922611,-0.0915674113064003,6,7.0
-5.182853660647785,-0.0560913908956338,6,7.0
-4.983005022530868,0.15890782630701925,6,7.0
-5.0211496334177275,0.14595049314786057,6,7.0
-4.980657675556964,-0.5926399699061614,6,7.0
-5.281800618145626,-0.04322626671648464,6,7.0
-5.362908422852332,0.17997861899886133,6,7.0
-4.540774750296891,0.365628555509195,6,7.0
-5.064032861279062,0.4472178410549856,6,7.0
-4.955399762839367,-0.1011257913354118,6,7.0
-5.1840207990622815,-0.0907409059464385,6,7.0
-5.116453045562369,0.05112486671264631,6,7.0
-4.95182780568504,0.0009138060460243408,6,7.0
-4.868918549076095,0.3571938824359024,6,7.0
-4.715133759367603,-0.44546939053497103,6,7.0
-5.766176340470587,0.2802959733717821,6,7.0
-5.410063609524626,-0.06742962056780506,6,7.0
-5.351033907817808,-0.5405941312740059,6,7.0
-4.837561181538564,0.22774654809079403,6,7.0
-5.172953120218016,-0.7773126876434729,6,7.0
-5.163873334475745,0.11754120162076395,6,7.0
-5.4436734706322385,0.05500797593374669,6,7.0
-5.004592954751899,0.17378744988032652,6,7.0
-4.964125889475754,-0.29192068226446666,6,7.0
-4.6410285495006525,-0.047558871908091,6,7.0
-5.00819136185298,-0.2799803877219588,6,7.0
-5.132984675357453,-0.26544081420807025,6,7.0
-5.051883817977027,0.513512544042703,6,7.0
-5.411570342879407,-0.4840684193630223,6,7.0
-4.558648901751917,-0.06279710314555983,6,7.0
-5.200721821597975,0.3119714062188229,6,7.0
-5.181684661921059,0.5478029140640809,6,7.0
-4.79662223859822,-0.1463734224437108,6,7.0
-4.352807536020349,-0.1817144769010015,6,7.0
-4.777371388397208,0.08978777412194758,6,7.0
-4.609477613180361,0.4684533590180558,6,7.0
-4.99039875528027,-0.22602536110385502,6,7.0
-4.862008357118265,-0.20331461092563183,6,7.0
-4.395983825742013,0.04096059932482123,6,7.0
-5.109596465393633,0.05540409175947252,6,7.0
-5.4041378868589085,-0.2914842115531954,6,7.0
-4.639875827616672,-0.1970682836914187,6,7.0
-5.314073294804582,0.16099582575818586,6,7.0
-4.644288753601101,0.21568599319952,6,7.0
-4.701185694258255,-0.22703852657083823,6,7.0
-5.426543200022553,0.450400095586646,6,7.0
-5.096803951652641,-0.0752499049365142,6,7.0
-4.601541757445283,0.16686900282019798,6,7.0
-4.863233668375518,0.6495007034703252,6,7.0
-5.193055469114043,0.2783520384243711,6,7.0
-4.982896062530875,0.08057768365897708,6,7.0
-4.541459472076241,0.1523507268868871,6,7.0
-4.8385111762851105,0.3217522011929406,6,7.0
-5.109485818862866,-0.2517629002017019,6,7.0
-5.31344275820631,-0.5899069768128005,6,7.0
-4.383137861017904,-0.3309625097165049,6,7.0
-5.0663760870757315,-0.0830439899666762,6,7.0
-4.907777990657269,0.244721163761789,6,7.0
-4.741857953492076,-0.17492323157068154,6,7.0
-5.050136514135923,0.08477398514648989,6,7.0
-5.074607337855064,0.48220367280599774,6,7.0
-4.852707514508524,0.22046333581494523,6,7.0
-4.801135619399776,0.35204215724559745,6,7.0
-4.945693532388888,-0.38904958438675397,6,7.0
-4.880093614474207,-0.1954070681375487,6,7.0
-5.158585004524927,0.17590920562652798,6,7.0
-4.628515078569909,0.006381473020818495,6,7.0
0.07720825314974095,5.425553736158809,7,8.0
0.06018829487214207,5.650420778545099,7,8.0
0.14137741140788604,4.559809310211046,7,8.0
0.18833540527613313,5.095289596220694,7,8.0
0.3224381885206864,5.168295337817489,7,8.0
-0.034613995995943454,4.693925440927659,7,8.0
-0.05225581432150632,4.787369886447675,7,8.0
-0.14513086245118068,5.147144601105152,7,8.0
0.41747612608785156,5.098667882455746,7,8.0
-0.2989707655087961,5.1111506670550355,7,8.0
0.2991578716614128,4.847554273920155,7,8.0
-0.03350429166822942,5.003672048682299,7,8.0
-0.19622457827056,5.162070108460965,7,8.0
-0.03023703715194539,5.104883110976757,7,8.0
-0.22187304445052503,4.8906354249191475,7,8.0
0.18059533945694284,4.906791711977058,7,8.0
0.4317409628083513,4.900090953596349,7,8.0
0.05617118143797148,5.233147707968272,7,8.0
-0.3545914332332579,4.559797797004806,7,8.0
-0.3814140786425237,5.315646025856796,7,8.0
-0.1379645364731117,5.639549821417063,7,8.0
-0.14106189966434715,5.046137825799259,7,8.0
0.3855274881419689,5.501523222039781,7,8.0
0.5153758941590995,5.302091557648286,7,8.0
0.2560156314528656,5.148131737300296,7,8.0
0.19459026904165944,4.862203570917867,7,8.0
-0.2045497208555768,4.999156385647262,7,8.0
-0.04254615563123211,4.886692987668181,7,8.0
0.17409686186417883,5.238826302142628,7,8.0
0.02210172157296184,5.369382520263816,7,8.0
-0.28542227853337626,4.95158513518007,7,8.0
-0.17920558015070123,4.533365845731735,7,8.0
-0.020670171460674812,4.969563122904179,7,8.0
0.37836243581053275,5.157702921138695,7,8.0
-0.25604670608230123,5.463523141583547,7,8.0
0.3052584238813382,5.145524425867154,7,8.0
-0.05662102471245798,4.76014019081913,7,8.0
-0.09305169401776325,5.272187154926047,7,8.0
0.47114657648365227,5.385810882068047,7,8.0
-0.12221235544656853,4.720095641677747,7,8.0
0.035221561727800985,4.557890158609287,7,8.0
0.08079192854619537,4.963099353425333,7,8.0
-0.11650912546706056,4.601324233183301,7,8.0
0.12840002664242914,4.8668247900845225,7,8.0
-0.292479208927572,4.281934446679587,7,8.0
-0.006878726262659064,5.443062899167436,7,8.0
0.4153148036369675,4.885725935853432,7,8.0
-0.15055301509044514,5.117193564018756,7,8.0
-0.24959635979707287,5.075447974954867,7,8.0
0.19152006959617257,5.306733305971077,7,8.0
-0.025038519119988195,4.949081562455759,7,8.0
-0.21949564668914026,4.793279911490035,7,8.0
-0.05661972297538169,5.0918413767040445,7,8.0
0.22839615655831236,4.799205262329914,7,8.0
0.37317214223988043,4.932219099739358,7,8.0
-0.005341823587109039,4.813197080213044,7,8.0
-0.6060600650682354,5.221011349090262,7,8.0
0.18421097427310834,4.9296681107204465,7,8.0
0.01674767930621798,5.1289848044260244,7,8.0
-0.39063646422163567,4.867736830663426,7,8.0
0.19856616990545678,4.686427644207687,7,8.0
0.07338948304165732,4.660854548844148,7,8.0
0.11660749560838159,4.9910896294256295,7,8.0
-0.40378295397637737,5.291184838614293,7,8.0
-0.1836478941995123,4.797436890746405,7,8.0
0.05014229930773571,5.287159337357179,7,8.0
-0.25395545474459924,5.015419962461993,7,8.0
0.10720412508264324,5.173276401815786,7,8.0
0.0441103888193063,4.908243040229169,7,8.0
-0.20689755516217992,5.021535970761594,7,8.0
-0.2680347529964017,4.269662379126348,7,8.0
0.10913995103941695,5.2259837102715485,7,8.0
-0.5907331088854596,4.747567323822516,7,8.0
0.15478856525129944,5.514373867427925,7,8.0
0.005198426918851974,4.817999264692716,7,8.0
-0.04572411027621004,5.343719104787046,7,8.0
-0.16149104478113382,4.800201998337436,7,8.0
-0.1206858805455081,4.761667847935322,7,8.0
0.03066757899869888,5.40616961461739,7,8.0
0.08076981827900727,4.936911624468428,7,8.0
-0.07295281722888602,4.609202297825836,7,8.0
0.22077744428678975,4.9805407007468,7,8.0
-0.04511997839765641,5.7982768919612155,7,8.0
0.07468822709142156,4.812052237476204,7,8.0
-0.10658939905138583,5.287111427299188,7,8.0
0.028317602634441115,4.6404305054206585,7,8.0
0.22980723364380087,4.832963978615251,7,8.0
0.4683244440543864,5.270012016428662,7,8.0
-0.1118304739146878,5.320254090433778,7,8.0
0.016963877631850824,5.213193418780555,7,8.0
0.12118320432361869,4.7884108362522815,7,8.0
-0.1608874580793655,5.257490204395291,7,8.0
-0.08369383302663522,4.899087884189501,7,8.0
-0.23878064483733824,5.105899766398365,7,8.0
0.5156312298107862,4.733116771436432,7,8.0
0.006054864168189517,5.353055138853858,7,8.0
-0.019910347811428787,5.113092949062433,7,8.0
-0.2655983820367199,5.1070767743019125,7,8.0
-0.046786066251137196,5.246432498919965,7,8.0
0.2968465128911878,5.647390910504654,7,8.0
0.1738899519640727,-4.90226110502535,8,9.0
0.058315290473200804,-5.105949887843207,8,9.0
0.10154515303850734,-5.088620423041709,8,9.0
0.05053829288088429,-4.604720739317612,8,9.0
-0.30196276958389234,-4.658036431661286,8,9.0
0.39513452020195955,-5.035420558097323,8,9.0
-0.6365564697025784,-5.18234659612833,8,9.0
0.38909836396833275,-5.006860418689665,8,9.0
-0.29979066968847323,-5.151432476368465,8,9.0
0.2521860079513659,-4.835979929539587,8,9.0
-0.07167962975090829,-5.110047323544406,8,9.0
-0.11752744471314656,-5.276723055349551,8,9.0
0.4846127068408325,-5.096696140763402,8,9.0
0.36514755624764894,-4.5436051844232646,8,9.0
0.2994932694443881,-5.129486093815414,8,9.0
0.12111902710098282,-5.007258681917275,8,9.0
-0.27111055821903846,-4.902692215483519,8,9.0
-0.35371193734794076,-4.643696183461531,8,9.0
-0.13938518918951792,-4.939652103238148,8,9.0
0.08498636146384264,-5.077671492111223,8,9.0
0.17600814044258242,-5.142471096986758,8,9.0
0.26138918923717325,-5.403793904074025,8,9.0
0.037913873863923545,-4.418321300282514,8,9.0
-0.3000993973816724,-5.203323491157455,8,9.0
0.1541723548976745,-4.94612546541812,8,9.0
0.10518902978206776,-4.853243860955701,8,9.0
0.19041644056853096,-4.667090047413133,8,9.0
0.12294559707855376,-5.072377296385563,8,9.0
0.20177211036081938,-4.4300354195314355,8,9.0
-0.03979012391477207,-5.292358791401193,8,9.0
0.33212420078609184,-5.03611434918608,8,9.0
-0.6518008638042109,-4.7457734968548735,8,9.0
-0.16059845578617682,-5.027159984691248,8,9.0
0.09959409917070436,-4.94285009606628,8,9.0
0.21283554514171185,-5.130645911170953,8,9.0
0.15393173945282482,-5.077864003275175,8,9.0
0.2216431442662509,-4.815389754796084,8,9.0
-0.2806316106133786,-4.674205365147491,8,9.0
-0.1607890335342144,-4.757582660515657,8,9.0
0.11018619402040218,-4.448544896961463,8,9.0
-0.06703979471155563,-5.1047950388354595,8,9.0
-0.005825881766319783,-5.090953934850282,8,9.0
0.23998257058261502,-5.484893182530977,8,9.0
-0.3161047257439062,-5.320340876473758,8,9.0
0.28509227759207273,-4.486815988225422,8,9.0
-0.03133476556124145,-5.050646516957003,8,9.0
0.021015648933954415,-4.651436509217543,8,9.0
-0.2782059402571722,-4.928489305179564,8,9.0
0.29255928893472893,-4.8496717490180465,8,9.0
0.05687448497962302,-4.699686172229858,8,9.0
-0.8109696878997711,-4.796637404140728,8,9.0
-0.19622270493822713,-5.549189869056937,8,9.0
0.15336077985749422,-4.587902436451112,8,9.0
-0.04123455438830756,-4.714137635839118,8,9.0
0.4836834773965936,-4.6055256639247855,8,9.0
0.49198935881141787,-4.777361752678432,8,9.0
0.022630091670477838,-5.48058974356915,8,9.0
-0.07381874643898458,-5.2529739785948575,8,9.0
0.6512828152493441,-5.052765743729701,8,9.0
0.0369614420353457,-4.834554387187859,8,9.0
0.013080733911736116,-4.491484687870774,8,9.0
-0.1867948085203356,-4.941617763428827,8,9.0
-0.22274117570941446,-5.396006753366212,8,9.0
-0.18353072727158562,-5.011111039114524,8,9.0
-0.128790667355178,-5.207726293962157,8,9.0
-0.42189523910155013,-5.024931671788608,8,9.0
-0.45141611220930067,-4.7719832108931195,8,9.0
0.024731925880350985,-5.4372654498394795,8,9.0
-0.09276272311495903,-5.225646921677175,8,9.0
0.09575235312575413,-4.597864866193056,8,9.0
-0.5625517408937234,-4.965492176255775,8,9.0
-0.04803983866999212,-4.79859797706486,8,9.0
0.06395898847130674,-5.225590799521646,8,9.0
-0.09571618069998544,-5.238807757041046,8,9.0
0.3228021415795795,-4.993606505398417,8,9.0
0.5703572057259022,-5.018198244144386,8,9.0
-0.21252203007313883,-5.454114317783848,8,9.0
-0.5409419028767835,-5.475240782901647,8,9.0
0.08013799530344502,-4.84738249303102,8,9.0
-0.47435721060964,-4.731488505777166,8,9.0
-0.14491831550503184,-4.955962096404336,8,9.0
0.4836661884766273,-4.73094820524034,8,9.0
-0.08055919437174969,-5.267357667624586,8,9.0
-0.6455446203987915,-5.215745995772726,8,9.0
-0.06333907164830833,-5.296153858145355,8,9.0
-0.039377090127691416,-4.97694443511237,8,9.0
-0.06745679454242356,-5.195000774247038,8,9.0
0.050596401590018304,-4.867417805129177,8,9.0
-0.3271197232328538,-4.576720286076119,8,9.0
-0.029576439685278517,-4.9943451131165455,8,9.0
0.21246432697696713,-4.93003516062095,8,9.0
0.2859409901739735,-4.913862750439453,8,9.0
-0.18373121239213136,-4.8915489424381695,8,9.0
-0.3431178621961985,-4.967432088267043,8,9.0
-0.00996899719333824,-5.062435057181762,8,9.0
-0.038561253431679224,-5.564554713649292,8,9.0
-0.16461747232228843,-4.972146529657666,8,9.0
0.04795691759922011,-5.308302542277787,8,9.0
0.3797123522594102,-5.25985245446435,8,9.0
0.290837160158021,-4.871841691438495,8,9.0
-0.19386819295314092,-4.467406732217146,8,9.0
-0.358091049526944,-4.7242537479169995,8,9.0
0.3001746954128935,-5.201186062722994,8,9.0
0.4177395900192986,-5.075013954379686,8,9.0
0.08660808878395711,-4.921903448368634,8,9.0
3.9731382517058904,-3.8378383453680436,9,10.0
4.158697744110443,-4.349706394647637,9,10.0
4.260868048575631,-4.332498397607135,9,10.0
4.206509240868331,-3.7746589726344832,9,10.0
3.78180671395696,-4.082162857590917,9,10.0
3.7788590663028128,-4.042984206057747,9,10.0
3.938393143162852,-3.844067893546132,9,10.0
4.262061749223921,-3.720863237842009,9,10.0
3.8875663946843395,-4.041844374748906,9,10.0
3.66331236155581,-4.161174013299238,9,10.0
4.192970326619491,-3.6768834352903537,9,10.0
3.7531302256240155,-4.118492851830579,9,10.0
3.9947188486082146,-3.9439677682360785,9,10.0
3.8380792960156707,-3.915187791107182,9,10.0
3.9052321305858166,-4.002890454175656,9,10.0
4.10925684960074,-3.9987155460378125,9,10.0
3.912722821894686,-4.021921960785166,9,10.0
3.982327408158933,-4.074002205976425,9,10.0
3.9482407874665797,-3.6802705658990567,9,10.0
4.112183889588247,-4.059096063605832,9,10.0
4.139390880902147,-4.066763897951202,9,10.0
4.234624927517328,-3.926071561560381,9,10.0
3.9785395711991542,-3.9104566148379445,9,10.0
3.6858247695863002,-4.225353493781961,9,10.0
3.761214998720189,-3.9714113810472584,9,10.0
4.346502999897019,-3.5537399707614736,9,10.0
4.127610220288151,-3.8998311050111085,9,10.0
3.6397884531694524,-4.108534759946805,9,10.0
3.842443249618352,-4.1241695196502235,9,10.0
3.966371236283042,-4.094418115539425,9,10.0
3.6041400379248425,-3.850417948776493,9,10.0
3.7854513948520387,-3.95215062717777,9,10.0
4.4148165339499945,-4.183876918317285,9,10.0
3.493942495450734,-4.057200844376022,9,10.0
4.220191926999714,-3.608330509155881,9,10.0
3.7540900811095166,-3.900660155352696,9,10.0
3.9069379086439895,-4.021189670860827,9,10.0
4.528868669403407,-4.3005940656790305,9,10.0
4.050747932298915,-3.9064613656469134,9,10.0
4.217157264987869,-3.980403369305821,9,10.0
4.061610107900821,-4.078329713484358,9,10.0
4.053825388249021,-4.0686384550994825,9,10.0
4.12431437797121,-4.073922067208727,9,10.0
4.0754200787804375,-4.005852562736996,9,10.0
4.225210050154434,-4.010278744717697,9,10.0
3.645393506358624,-3.7476156998572017,9,10.0
3.8188535398274763,-4.130753267729764,9,10.0
3.8808677411913015,-3.7251123813658364,9,10.0
3.572865157204261,-3.372450293268001,9,10.0
4.21121136181321,-3.955352217174168,9,10.0
3.989021199876743,-3.9428891850284686,9,10.0
4.104224485675868,-3.8709568828099887,9,10.0
4.11112089320069,-3.9820838637489504,9,10.0
3.9605323159385346,-4.030254656730702,9,10.0
3.9610183439294637,-3.7732459806265872,9,10.0
4.118711344456172,-4.588077726932856,9,10.0
4.131180155305953,-3.961052761056245,9,10.0
3.9962582487108205,-4.077703690617777,9,10.0
4.2248225439972025,-3.8104947075754283,9,10.0
3.8454244664352784,-3.918589542575093,9,10.0
3.8056686530917427,-4.275923632957786,9,10.0
3.874656555082007,-3.8275213055234483,9,10.0
4.190625009075218,-3.8973829159805415,9,10.0
4.1450191573696,-3.896764342577008,9,10.0
3.8717036809554095,-3.9136154910652117,9,10.0
4.160081905045536,-3.849141734037285,9,10.0
4.2377826742949285,-3.8583392305597872,9,10.0
4.0702896415083165,-3.7859699523367145,9,10.0
3.994695748150188,-4.176374930245544,9,10.0
3.9673866072112474,-4.14898052896129,9,10.0
